array size, create-time(ns), shuffle-time(ns), copy-time(ns), save-time(ns), quicksort-time(ms), bubblesort-time(ms), binarysearch-time(ms), linearsearch-time(ms)
1000, 7300,  1214200,  500,  4300,  4300,  4300,  4300,  4300,  
6000, 30800,  7309400,  13800,  4700,  4700,  4700,  4700,  4700,  
11000, 78800,  13248700,  16800,  4500,  4500,  4500,  4500,  4500,  
16000, 95800,  19618000,  19800,  6400,  6400,  6400,  6400,  6400,  
21000, 128900,  25998900,  37900,  7300,  7300,  7300,  7300,  7300,  
26000, 158600,  31267100,  35400,  6700,  6700,  6700,  6700,  6700,  
31000, 158600,  36019200,  25900,  4600,  4600,  4600,  4600,  4600,  
36000, 180400,  44716500,  42400,  9300,  9300,  9300,  9300,  9300,  
41000, 284600,  46627000,  12900,  5400,  5400,  5400,  5400,  5400,  
46000, 241400,  53231500,  23700,  5100,  5100,  5100,  5100,  5100,  
51000, 267000,  59108300,  22900,  5700,  5700,  5700,  5700,  5700,  
56000, 273800,  64712400,  25900,  6800,  6800,  6800,  6800,  6800,  
61000, 278900,  72748100,  19400,  4700,  4700,  4700,  4700,  4700,  
66000, 323700,  75370200,  25700,  4100,  4100,  4100,  4100,  4100,  
71000, 413300,  82092100,  39200,  9400,  9400,  9400,  9400,  9400,  
76000, 334300,  86714700,  19800,  4500,  4500,  4500,  4500,  4500,  
81000, 393200,  101245400,  41200,  6400,  6400,  6400,  6400,  6400,  
86000, 392300,  102653600,  82600,  6600,  6600,  6600,  6600,  6600,  
91000, 997100,  116465500,  42300,  8200,  8200,  8200,  8200,  8200,  
96000, 525600,  113567000,  54700,  10900,  10900,  10900,  10900,  10900,  
101000, 526400,  124136700,  61800,  6500,  6500,  6500,  6500,  6500,  
106000, 520900,  126134300,  55900,  6700,  6700,  6700,  6700,  6700,  
111000, 586700,  129419700,  88500,  9500,  9500,  9500,  9500,  9500,  
116000, 610100,  134054700,  86400,  6300,  6300,  6300,  6300,  6300,  
121000, 644100,  141294900,  136300,  11000,  11000,  11000,  11000,  11000,  
126000, 572000,  215317900,  105800,  6900,  6900,  6900,  6900,  6900,  
131000, 634200,  164198100,  159700,  7600,  7600,  7600,  7600,  7600,  
136000, 1231800,  208575700,  101800,  6200,  6200,  6200,  6200,  6200,  
141000, 739600,  179525800,  103300,  7000,  7000,  7000,  7000,  7000,  
146000, 752100,  174095800,  122100,  6800,  6800,  6800,  6800,  6800,  
151000, 670200,  182322800,  109700,  6400,  6400,  6400,  6400,  6400,  
156000, 725900,  181131300,  120700,  7100,  7100,  7100,  7100,  7100,  
161000, 746700,  195242900,  146000,  8100,  8100,  8100,  8100,  8100,  
166000, 793200,  191064400,  114100,  6700,  6700,  6700,  6700,  6700,  
171000, 789200,  212936100,  123300,  6300,  6300,  6300,  6300,  6300,  
176000, 751200,  229150500,  147000,  7000,  7000,  7000,  7000,  7000,  
181000, 814000,  265766300,  167900,  9900,  9900,  9900,  9900,  9900,  
186000, 1947600,  356768500,  259700,  10300,  10300,  10300,  10300,  10300,  
191000, 765000,  220381600,  128600,  5700,  5700,  5700,  5700,  5700,  
196000, 790900,  240888600,  193400,  8000,  8000,  8000,  8000,  8000,  
201000, 1084800,  259890200,  162600,  8800,  8800,  8800,  8800,  8800,  
206000, 874300,  245564800,  127400,  7700,  7700,  7700,  7700,  7700,  
211000, 830200,  253798900,  154700,  9000,  9000,  9000,  9000,  9000,  
216000, 1126500,  281996900,  149400,  9500,  9500,  9500,  9500,  9500,  
221000, 1013900,  275101500,  168300,  9400,  9400,  9400,  9400,  9400,  
226000, 885500,  267651300,  211900,  12800,  12800,  12800,  12800,  12800,  
231000, 942300,  285338600,  176400,  6200,  6200,  6200,  6200,  6200,  
236000, 971700,  294112500,  195800,  6200,  6200,  6200,  6200,  6200,  
241000, 1202300,  327605500,  234900,  14400,  14400,  14400,  14400,  14400,  
246000, 944100,  366114900,  185800,  9500,  9500,  9500,  9500,  9500,  
251000, 1513100,  354531100,  254200,  10300,  10300,  10300,  10300,  10300,  
256000, 1089800,  360492800,  229800,  9600,  9600,  9600,  9600,  9600,  
261000, 1217100,  346833400,  276500,  11300,  11300,  11300,  11300,  11300,  
266000, 1185900,  316611500,  249300,  10400,  10400,  10400,  10400,  10400,  
271000, 1039900,  329051600,  210100,  9800,  9800,  9800,  9800,  9800,  
276000, 1097000,  389190800,  190100,  8800,  8800,  8800,  8800,  8800,  
281000, 1327200,  350648900,  221100,  9700,  9700,  9700,  9700,  9700,  
286000, 1147400,  334730100,  305600,  12700,  12700,  12700,  12700,  12700,  
291000, 1301600,  355345600,  278100,  12600,  12600,  12600,  12600,  12600,  
296000, 1114000,  358124100,  263300,  9800,  9800,  9800,  9800,  9800,  
301000, 1187100,  370335400,  265400,  9600,  9600,  N/A,  9600,  9600,  
306000, 1356400,  357741800,  222900,  42100,  42100,  N/A,  42100,  42100,  
311000, 1310400,  460810700,  323000,  12000,  12000,  N/A,  12000,  12000,  
316000, 1218300,  389322500,  326800,  12100,  12100,  N/A,  12100,  12100,  
321000, 1495700,  411593300,  319200,  11600,  11600,  N/A,  11600,  11600,  
326000, 1257700,  412043000,  225800,  9000,  9000,  N/A,  9000,  9000,  
331000, 1471300,  407579100,  309600,  12200,  12200,  N/A,  12200,  12200,  
336000, 1845900,  440216100,  228700,  8300,  8300,  N/A,  8300,  8300,  
341000, 1395700,  396802700,  395500,  17400,  17400,  N/A,  17400,  17400,  
346000, 1423900,  409965300,  324300,  11600,  11600,  N/A,  11600,  11600,  
351000, 1555300,  467198600,  259200,  10000,  10000,  N/A,  10000,  10000,  
356000, 1700800,  433672400,  469100,  17800,  17800,  N/A,  17800,  17800,  
361000, 2232400,  435541100,  267700,  9600,  9600,  N/A,  9600,  9600,  
366000, 1851400,  440635100,  254400,  9800,  9800,  N/A,  9800,  9800,  
371000, 1666600,  472271300,  260000,  9200,  9200,  N/A,  9200,  9200,  
376000, 1739400,  457384300,  377900,  12400,  12400,  N/A,  12400,  12400,  
381000, 1720100,  465696100,  277400,  8700,  8700,  N/A,  8700,  8700,  
386000, 1638100,  467841500,  271200,  9700,  9700,  N/A,  9700,  9700,  
391000, 1595100,  474555400,  385300,  10600,  10600,  N/A,  10600,  10600,  
396000, 1562800,  466889700,  292600,  10100,  10100,  N/A,  10100,  10100,  
401000, 1890700,  510914400,  276300,  8500,  8500,  N/A,  8500,  8500,  
406000, 1610100,  501946300,  305900,  8900,  8900,  N/A,  8900,  8900,  
411000, 1662000,  522654300,  485500,  11200,  11200,  N/A,  11200,  11200,  
416000, 1650300,  511472900,  300200,  9500,  9500,  N/A,  9500,  9500,  
421000, 1696700,  487681500,  402200,  10100,  10100,  N/A,  10100,  10100,  
426000, 1669200,  499823500,  411500,  10800,  10800,  N/A,  10800,  10800,  
431000, 1767200,  554973700,  292500,  8900,  8900,  N/A,  8900,  8900,  
436000, 1856300,  517515500,  296100,  9200,  9200,  N/A,  9200,  9200,  
441000, 1808400,  517138400,  482100,  11700,  11700,  N/A,  11700,  11700,  
446000, 1816300,  551959500,  314900,  9100,  9100,  N/A,  9100,  9100,  
451000, 1915300,  551895900,  374900,  9500,  9500,  N/A,  9500,  9500,  
456000, 2286900,  650439900,  455400,  9400,  9400,  N/A,  9400,  9400,  
461000, 2153400,  602809300,  398900,  9700,  9700,  N/A,  9700,  9700,  
466000, 1981900,  707418000,  329300,  9200,  9200,  N/A,  9200,  9200,  
471000, 3096900,  589351500,  359700,  8800,  8800,  N/A,  8800,  8800,  
476000, 1782500,  619681500,  325200,  8300,  8300,  N/A,  8300,  8300,  
481000, 1869500,  561465300,  389900,  10400,  10400,  N/A,  10400,  10400,  
486000, 2187500,  627668500,  489000,  11700,  11700,  N/A,  11700,  11700,  
491000, 1859200,  615597300,  477500,  12800,  12800,  N/A,  12800,  12800,  
496000, 1861900,  596350000,  480500,  11500,  11500,  N/A,  11500,  11500,  
501000, 3498000,  675699700,  341000,  9200,  9200,  N/A,  9200,  9200,  
506000, 2228800,  597897200,  364800,  9600,  9600,  N/A,  9600,  9600,  
511000, 2409900,  643017100,  393400,  10700,  10700,  N/A,  10700,  10700,  
516000, 1913300,  696399600,  500700,  10600,  10600,  N/A,  10600,  10600,  
521000, 1979100,  639776200,  358600,  8600,  8600,  N/A,  8600,  8600,  
526000, 2307400,  641696200,  345700,  9300,  9300,  N/A,  9300,  9300,  
531000, 2301000,  627734500,  514800,  12200,  12200,  N/A,  12200,  12200,  
536000, 2389700,  638769100,  415400,  10100,  10100,  N/A,  10100,  10100,  
541000, 1956200,  707206200,  373900,  9800,  9800,  N/A,  9800,  9800,  
546000, 1980300,  666784300,  642800,  13000,  13000,  N/A,  13000,  13000,  
551000, 2266700,  681471900,  407600,  9200,  9200,  N/A,  9200,  9200,  
556000, 2203200,  659730500,  542400,  12600,  12600,  N/A,  12600,  12600,  
561000, 2283400,  709168800,  551600,  10600,  10600,  N/A,  10600,  10600,  
566000, 2198500,  669706000,  610400,  12700,  12700,  N/A,  12700,  12700,  
571000, 2159400,  717205200,  575400,  12300,  12300,  N/A,  12300,  12300,  
576000, 2212600,  708956500,  601500,  12300,  12300,  N/A,  12300,  12300,  
581000, 2384000,  684635100,  583300,  11100,  11100,  N/A,  11100,  11100,  
586000, 2620400,  696211300,  764800,  17400,  17400,  N/A,  17400,  17400,  
591000, 2216100,  685561600,  416800,  10100,  10100,  N/A,  10100,  10100,  
596000, 2479200,  710351300,  434000,  10100,  10100,  N/A,  10100,  10100,  
601000, 2547100,  783713000,  462200,  9500,  9500,  N/A,  9500,  9500,  
606000, 2668300,  780522500,  434200,  10100,  10100,  N/A,  10100,  10100,  
611000, 2300400,  736719500,  443300,  8700,  8700,  N/A,  8700,  8700,  
616000, 2273400,  755429700,  646900,  10300,  10300,  N/A,  10300,  10300,  
621000, 2175100,  831066600,  451000,  10000,  10000,  N/A,  10000,  10000,  
626000, 2638300,  839372800,  469900,  9500,  9500,  N/A,  9500,  9500,  
631000, 2807200,  748153800,  611300,  12500,  12500,  N/A,  12500,  12500,  
636000, 2426700,  788840100,  426900,  9500,  9500,  N/A,  9500,  9500,  
641000, 2690600,  831894200,  648000,  10900,  10900,  N/A,  10900,  10900,  
646000, 2253400,  805256100,  849000,  9800,  9800,  N/A,  9800,  9800,  
651000, 2539200,  822877000,  483100,  8900,  8900,  N/A,  8900,  8900,  
656000, 3139700,  972784500,  723500,  12200,  12200,  N/A,  12200,  12200,  
661000, 3314600,  843632000,  790600,  13200,  13200,  N/A,  13200,  13200,  
666000, 5440600,  848262800,  678900,  12900,  12900,  N/A,  12900,  12900,  
671000, 3018400,  893828400,  514900,  9200,  9200,  N/A,  9200,  9200,  
676000, 3027300,  882889200,  514700,  10200,  10200,  N/A,  10200,  10200,  
681000, 3884200,  828692000,  488400,  9900,  9900,  N/A,  9900,  9900,  
686000, 3369700,  867240900,  468200,  9100,  9100,  N/A,  9100,  9100,  
691000, 3061900,  890444200,  499300,  9600,  9600,  N/A,  9600,  9600,  
696000, 3192900,  956629200,  737400,  12400,  12400,  N/A,  12400,  12400,  
701000, 3152800,  909851000,  734200,  12200,  12200,  N/A,  12200,  12200,  
706000, 3403600,  882722800,  488100,  9300,  9300,  N/A,  9300,  9300,  
711000, 3644400,  863798000,  745300,  12000,  12000,  N/A,  12000,  12000,  
716000, 3178500,  856045600,  534000,  10700,  10700,  N/A,  10700,  10700,  
721000, 3348000,  862040900,  757400,  11000,  11000,  N/A,  11000,  11000,  
726000, 3204900,  941873600,  528600,  9500,  9500,  N/A,  9500,  9500,  
731000, 3124400,  870699300,  724200,  11700,  11700,  N/A,  11700,  11700,  
736000, 3435700,  990760500,  866800,  13700,  13700,  N/A,  13700,  13700,  
741000, 5366100,  942880100,  554800,  9200,  9200,  N/A,  9200,  9200,  
746000, 3462500,  927118700,  738800,  14400,  14400,  N/A,  14400,  14400,  
751000, 3528500,  894898400,  767800,  13500,  13500,  N/A,  13500,  13500,  
756000, 4060100,  938223700,  760900,  13800,  13800,  N/A,  13800,  13800,  
761000, 3096300,  931257200,  749600,  13400,  13400,  N/A,  13400,  13400,  
766000, 3441400,  1087934900,  531900,  9200,  9200,  N/A,  9200,  9200,  
771000, 3318200,  946141800,  791200,  12400,  12400,  N/A,  12400,  12400,  
776000, 5458400,  1054955700,  539700,  10000,  10000,  N/A,  10000,  10000,  
781000, 3558700,  951369300,  653300,  12700,  12700,  N/A,  12700,  12700,  
786000, 4028700,  961457800,  591600,  9400,  9400,  N/A,  9400,  9400,  
791000, 3585800,  936969600,  844100,  12900,  12900,  N/A,  12900,  12900,  
796000, 3607000,  1010458500,  838300,  12300,  12300,  N/A,  12300,  12300,  
801000, 3738200,  1094895200,  654200,  9500,  9500,  N/A,  9500,  9500,  
806000, 3716700,  1090938800,  606600,  10500,  10500,  N/A,  10500,  10500,  
811000, 3735400,  982869100,  580400,  9200,  9200,  N/A,  9200,  9200,  
816000, 3570200,  1085534600,  605700,  9200,  9200,  N/A,  9200,  9200,  
821000, 3225700,  1083560500,  841200,  12100,  12100,  N/A,  12100,  12100,  
826000, 4218600,  1109001900,  918200,  9100,  9100,  N/A,  9100,  9100,  
831000, 3253500,  1138088400,  593600,  9200,  9200,  N/A,  9200,  9200,  
836000, 3516400,  1091268800,  842700,  15300,  15300,  N/A,  15300,  15300,  
841000, 3455700,  1065398100,  743000,  16700,  16700,  N/A,  16700,  16700,  
846000, 3412900,  1052771500,  608000,  10100,  10100,  N/A,  10100,  10100,  
851000, 3510700,  1030748600,  848400,  13200,  13200,  N/A,  13200,  13200,  
856000, 3594500,  1155579000,  869000,  12300,  12300,  N/A,  12300,  12300,  
861000, 3721900,  1171377400,  902500,  13100,  13100,  N/A,  13100,  13100,  
866000, 3674300,  1059268300,  671500,  9900,  9900,  N/A,  9900,  9900,  
871000, 3458800,  1191716500,  921700,  12500,  12500,  N/A,  12500,  12500,  
876000, 5712900,  1231291900,  960400,  11900,  11900,  N/A,  11900,  11900,  
881000, 3606500,  1162848900,  643600,  8600,  8600,  N/A,  8600,  8600,  
886000, 6278400,  1080679200,  854800,  9000,  9000,  N/A,  9000,  9000,  
891000, 3739700,  1203638300,  691100,  9600,  9600,  N/A,  9600,  9600,  
896000, 3891300,  1265463500,  923300,  12100,  12100,  N/A,  12100,  12100,  
901000, 3934600,  1087728800,  587900,  8500,  8500,  N/A,  8500,  8500,  
906000, 3553700,  1127851300,  915000,  13100,  13100,  N/A,  13100,  13100,  
911000, 3789700,  1133531500,  989400,  12000,  12000,  N/A,  12000,  12000,  
916000, 4414400,  1139140100,  702500,  10800,  10800,  N/A,  10800,  10800,  
921000, 3963100,  1185793000,  961200,  11700,  11700,  N/A,  11700,  11700,  
926000, 3812900,  1108621800,  634300,  10200,  10200,  N/A,  10200,  10200,  
931000, 3896800,  1203872300,  679600,  10100,  10100,  N/A,  10100,  10100,  
936000, 3774000,  1156907800,  743600,  10000,  10000,  N/A,  10000,  10000,  
941000, 4000700,  1217510600,  789800,  12000,  12000,  N/A,  12000,  12000,  
946000, 3852900,  1243431700,  812700,  9900,  9900,  N/A,  9900,  9900,  
951000, 4171400,  1265337500,  765000,  9100,  9100,  N/A,  9100,  9100,  
956000, 5825700,  1225435700,  670100,  10200,  10200,  N/A,  10200,  10200,  
961000, 4200400,  1280526300,  740700,  10000,  10000,  N/A,  10000,  10000,  
966000, 4306100,  1183379400,  964400,  14800,  14800,  N/A,  14800,  14800,  
971000, 7420400,  1188341900,  1023500,  11600,  11600,  N/A,  11600,  11600,  
976000, 4295400,  1246277200,  705400,  10000,  10000,  N/A,  10000,  10000,  
981000, 3955400,  1313244700,  716900,  9800,  9800,  N/A,  9800,  9800,  
986000, 4196900,  1306602500,  693500,  9700,  9700,  N/A,  9700,  9700,  
991000, 4755600,  1200902600,  734200,  18300,  18300,  N/A,  18300,  18300,  
996000, 3921000,  1277199100,  996700,  12800,  12800,  N/A,  12800,  12800,  
